open_time,open,high,low,close,volume
2025-09-02 14:00:00,0.3,0.66,0.3,0.4604,81369343.5
2025-09-02 15:00:00,0.4605,0.4805,0.4113,0.4536,35600500.6
2025-09-02 16:00:00,0.4533,0.53,0.4306,0.5244,27553280.8
2025-09-02 17:00:00,0.5247,0.5555,0.4903,0.5214,26641013.4
2025-09-02 18:00:00,0.5213,0.54,0.4611,0.4917,23658819.1
2025-09-02 19:00:00,0.4923,0.5248,0.485,0.4889,18566959.2
2025-09-02 20:00:00,0.489,0.4985,0.4686,0.4732,9412569.0
2025-09-02 21:00:00,0.474,0.5085,0.474,0.4926,6386028.2
2025-09-02 22:00:00,0.4928,0.4928,0.4721,0.4817,3820517.7
2025-09-02 23:00:00,0.4813,0.4979,0.4755,0.4917,3969447.4
2025-09-03 00:00:00,0.4916,0.4922,0.4425,0.457,7191491.5
2025-09-03 01:00:00,0.4571,0.4787,0.4545,0.469,3507254.2
2025-09-03 02:00:00,0.469,0.495,0.458,0.4836,6114455.9
2025-09-03 03:00:00,0.4836,0.488,0.4716,0.4841,3214625.9
2025-09-03 04:00:00,0.4835,0.579,0.477,0.5542,16849427.6
2025-09-03 05:00:00,0.5537,0.5537,0.5037,0.5171,9515993.1
2025-09-03 06:00:00,0.5171,0.5291,0.4901,0.5014,7132904.5
2025-09-03 07:00:00,0.5017,0.5059,0.476,0.4817,9238670.3
2025-09-03 08:00:00,0.4817,0.4835,0.456,0.4655,8370045.6
2025-09-03 09:00:00,0.4658,0.4856,0.4589,0.4764,6872718.6
2025-09-03 10:00:00,0.4769,0.4862,0.468,0.4683,4754569.2
2025-09-03 11:00:00,0.4686,0.4817,0.468,0.477,3659077.6
2025-09-03 12:00:00,0.477,0.5156,0.4714,0.5057,10078510.1
2025-09-03 13:00:00,0.5056,0.5213,0.4871,0.4969,10839244.0
2025-09-03 14:00:00,0.4969,0.518,0.4814,0.4891,10272004.6
2025-09-03 15:00:00,0.489,0.4916,0.4693,0.4792,5830887.7
2025-09-03 16:00:00,0.4792,0.481,0.4645,0.472,5047052.4
2025-09-03 17:00:00,0.472,0.4799,0.4685,0.4714,2382907.5
2025-09-03 18:00:00,0.4715,0.4799,0.4684,0.4743,2495080.7
2025-09-03 19:00:00,0.4741,0.4765,0.442,0.4571,7187817.7
2025-09-03 20:00:00,0.4572,0.4617,0.447,0.4584,3403214.6
2025-09-03 21:00:00,0.4584,0.4599,0.4507,0.4539,1356713.3
2025-09-03 22:00:00,0.4538,0.4543,0.4345,0.4436,3776941.8
2025-09-03 23:00:00,0.4436,0.4562,0.4361,0.4502,3315283.7
2025-09-04 00:00:00,0.4504,0.4575,0.435,0.4403,4586743.3
2025-09-04 01:00:00,0.4404,0.4531,0.4386,0.4493,2601068.8
2025-09-04 02:00:00,0.4495,0.4515,0.4444,0.445,1932597.1
2025-09-04 03:00:00,0.4449,0.4474,0.4372,0.4401,2172725.2
2025-09-04 04:00:00,0.4402,0.4429,0.432,0.4356,3352764.0
2025-09-04 05:00:00,0.4356,0.4418,0.4127,0.4149,5479969.0
2025-09-04 06:00:00,0.4148,0.4169,0.3916,0.4041,6579164.4
2025-09-04 07:00:00,0.4042,0.4109,0.3959,0.3994,2060368.5
2025-09-04 08:00:00,0.3993,0.4086,0.3912,0.3937,3660689.7
2025-09-04 09:00:00,0.3936,0.3998,0.385,0.3989,4435343.3
2025-09-04 10:00:00,0.3988,0.4014,0.3924,0.3973,1991752.0
2025-09-04 11:00:00,0.3972,0.398,0.3813,0.3842,2592100.9
2025-09-04 12:00:00,0.3843,0.3948,0.3809,0.3925,2189838.1
2025-09-04 13:00:00,0.3925,0.3986,0.3888,0.3907,3160971.7
2025-09-04 14:00:00,0.3905,0.3984,0.3839,0.3954,2967828.9
2025-09-04 15:00:00,0.3953,0.3975,0.3885,0.392,2279058.0
2025-09-04 16:00:00,0.3921,0.3952,0.3837,0.3891,2496622.7
2025-09-04 17:00:00,0.3892,0.4539,0.3877,0.4374,10733563.5
2025-09-04 18:00:00,0.437,0.5553,0.4253,0.5516,25504812.5
2025-09-04 19:00:00,0.5522,0.594,0.5021,0.5244,24025988.4
2025-09-04 20:00:00,0.5242,0.539,0.5027,0.5364,8040286.5
2025-09-04 21:00:00,0.5366,0.5667,0.526,0.5287,10497107.7
2025-09-04 22:00:00,0.5286,0.5398,0.514,0.5303,3859319.1
2025-09-04 23:00:00,0.5302,0.5389,0.51,0.5166,4468197.6
2025-09-05 00:00:00,0.5164,0.5699,0.516,0.5363,8488263.4
2025-09-05 01:00:00,0.5367,0.554,0.5242,0.544,6892332.1
2025-09-05 02:00:00,0.544,0.55,0.5263,0.532,4157757.4
2025-09-05 03:00:00,0.5322,0.5434,0.504,0.5317,6198788.5
2025-09-05 04:00:00,0.5315,0.5631,0.5296,0.5603,6410571.6
2025-09-05 05:00:00,0.5601,0.5867,0.5483,0.5534,13024059.0
2025-09-05 06:00:00,0.5535,0.5696,0.5457,0.5544,4918988.2
2025-09-05 07:00:00,0.5543,0.579,0.53,0.5369,11139003.4
2025-09-05 08:00:00,0.537,0.5456,0.5187,0.5381,7880931.7
2025-09-05 09:00:00,0.538,0.5381,0.5218,0.5277,3099747.7
2025-09-05 10:00:00,0.5276,0.5304,0.5171,0.5212,5175447.5
2025-09-05 11:00:00,0.5213,0.5368,0.514,0.5288,3748411.7
2025-09-05 12:00:00,0.5291,0.56,0.524,0.5548,6316154.1
2025-09-05 13:00:00,0.5546,0.5645,0.5425,0.558,5870229.1
2025-09-05 14:00:00,0.5577,0.5682,0.5366,0.55,7324344.0
2025-09-05 15:00:00,0.55,0.5573,0.5397,0.5423,2725175.4
2025-09-05 16:00:00,0.5426,0.57,0.54,0.5682,5482532.2
2025-09-05 17:00:00,0.5683,0.6349,0.565,0.5992,13419938.6
2025-09-05 18:00:00,0.5987,0.6005,0.5573,0.5614,6264976.3
2025-09-05 19:00:00,0.5614,0.563,0.545,0.5512,4191690.0
2025-09-05 20:00:00,0.551,0.5595,0.5407,0.5505,3047661.6
2025-09-05 21:00:00,0.5502,0.5668,0.55,0.5544,2764891.5
2025-09-05 22:00:00,0.5546,0.5749,0.5475,0.5635,2968146.2
2025-09-05 23:00:00,0.5634,0.5854,0.563,0.5784,2405453.8
2025-09-06 00:00:00,0.5782,0.6002,0.5705,0.5939,4174091.2
2025-09-06 01:00:00,0.594,0.6174,0.5854,0.5939,7257518.7
2025-09-06 02:00:00,0.5942,0.6124,0.5903,0.6072,3208905.9
2025-09-06 03:00:00,0.6072,0.6448,0.603,0.6411,6742734.6
2025-09-06 04:00:00,0.6406,0.6608,0.6089,0.6566,7520438.4
2025-09-06 05:00:00,0.6567,0.7082,0.6567,0.6983,11998660.1
2025-09-06 06:00:00,0.6983,0.7034,0.6718,0.6755,6846062.7
2025-09-06 07:00:00,0.6754,0.6908,0.6458,0.6609,5543151.0
2025-09-06 08:00:00,0.6609,0.6792,0.6425,0.6769,4813212.9
2025-09-06 09:00:00,0.6769,0.73,0.666,0.7193,9096642.3
2025-09-06 10:00:00,0.7191,0.8546,0.719,0.7702,21473213.7
2025-09-06 11:00:00,0.7702,0.837,0.7695,0.8178,13318135.1
2025-09-06 12:00:00,0.8178,0.8394,0.7819,0.8027,9928672.6
2025-09-06 13:00:00,0.8028,0.8177,0.7853,0.8012,7013202.6
2025-09-06 14:00:00,0.8017,0.8166,0.7535,0.7897,7613843.8
2025-09-06 15:00:00,0.7892,0.7987,0.7527,0.773,5369891.0
2025-09-06 16:00:00,0.7727,0.7885,0.7555,0.7848,5982159.5
2025-09-06 17:00:00,0.7846,0.8263,0.7773,0.7862,10626494.2
2025-09-06 18:00:00,0.7865,0.8931,0.7797,0.8879,18536496.9
2025-09-06 19:00:00,0.8886,0.9845,0.8712,0.9302,26310865.2
2025-09-06 20:00:00,0.9298,0.969,0.9202,0.9399,11529464.8
2025-09-06 21:00:00,0.9402,0.9507,0.924,0.9384,4698297.1
2025-09-06 22:00:00,0.9383,1.1592,0.9271,1.1382,24085930.9
2025-09-06 23:00:00,1.1378,1.155,1.0196,1.0373,14601965.0
2025-09-07 00:00:00,1.0371,1.1168,0.9607,0.9932,15758673.3
2025-09-07 01:00:00,0.9939,1.0743,0.9665,1.0607,9623359.4
2025-09-07 02:00:00,1.0612,1.0678,1.0167,1.0577,5202777.3
2025-09-07 03:00:00,1.0578,1.1011,1.0526,1.0658,7855130.8
2025-09-07 04:00:00,1.0662,1.0681,0.9816,1.0107,7118399.4
2025-09-07 05:00:00,1.0109,1.093,1.0109,1.0654,9410248.9
2025-09-07 06:00:00,1.065,1.138,1.0577,1.1229,10096302.9
2025-09-07 07:00:00,1.1237,1.1899,1.1199,1.1473,13541129.1
2025-09-07 08:00:00,1.1466,1.1729,1.134,1.137,8551023.6
2025-09-07 09:00:00,1.1365,1.1481,1.0888,1.1082,6033581.0
2025-09-07 10:00:00,1.1079,1.1448,1.0994,1.1142,5050321.6
2025-09-07 11:00:00,1.1145,1.13,1.0672,1.1212,5203226.6
2025-09-07 12:00:00,1.1211,1.15,1.1019,1.1123,6039893.3
2025-09-07 13:00:00,1.1132,1.1211,1.0121,1.0512,7887744.2
2025-09-07 14:00:00,1.052,1.1339,1.0375,1.111,9641395.1
2025-09-07 15:00:00,1.111,1.1216,1.079,1.104,5877710.3
2025-09-07 16:00:00,1.1039,1.1755,1.0834,1.1354,10585491.4
2025-09-07 17:00:00,1.1355,1.48,1.1281,1.4381,28812554.1
2025-09-07 18:00:00,1.4372,1.7221,1.3763,1.7068,29714618.7
2025-09-07 19:00:00,1.7056,1.9061,1.5779,1.7018,40687957.3
2025-09-07 20:00:00,1.7007,1.7369,1.6142,1.6826,15069150.1
2025-09-07 21:00:00,1.6833,1.724,1.5212,1.6284,15270968.0
2025-09-07 22:00:00,1.629,1.6292,1.5302,1.6003,7594099.9
2025-09-07 23:00:00,1.6012,1.6985,1.5929,1.6547,7953694.9
2025-09-08 00:00:00,1.6551,1.68,1.5817,1.6283,5424462.5
2025-09-08 01:00:00,1.6292,1.7519,1.6291,1.6603,10128712.2
2025-09-08 02:00:00,1.6608,1.6758,1.5819,1.5872,4795505.7
2025-09-08 03:00:00,1.5879,1.6,1.4148,1.5294,13204468.3
2025-09-08 04:00:00,1.5293,1.63,1.4546,1.6226,7110757.3
2025-09-08 05:00:00,1.6234,1.6494,1.554,1.5653,7191071.4
2025-09-08 06:00:00,1.5657,1.6388,1.5229,1.6299,8149660.0
2025-09-08 07:00:00,1.6305,1.6512,1.57,1.6345,5110926.8
2025-09-08 08:00:00,1.6338,1.6395,1.5701,1.5975,8302513.1
2025-09-08 09:00:00,1.5978,1.6052,1.551,1.5619,4312353.7
2025-09-08 10:00:00,1.5625,1.9,1.5377,1.7449,19889097.2
2025-09-08 11:00:00,1.7424,1.85,1.692,1.7709,14857731.4
2025-09-08 12:00:00,1.7709,1.7881,1.6713,1.6761,7878332.6
2025-09-08 13:00:00,1.6761,1.6806,1.54,1.5947,10816283.3
2025-09-08 14:00:00,1.5944,1.6217,1.5378,1.5639,6786356.5
2025-09-08 15:00:00,1.5638,1.7264,1.467,1.6565,13049658.6
2025-09-08 16:00:00,1.6565,1.7542,1.6069,1.6464,11956102.6
2025-09-08 17:00:00,1.6464,1.6616,1.53,1.5789,10173769.2
2025-09-08 18:00:00,1.579,1.6065,1.5442,1.5493,4735948.6
2025-09-08 19:00:00,1.5492,1.575,1.522,1.545,5303266.4
2025-09-08 20:00:00,1.5451,1.5494,1.4873,1.5314,5375468.4
2025-09-08 21:00:00,1.5312,1.532,1.4518,1.4868,5878136.8
2025-09-08 22:00:00,1.4873,1.5162,1.4303,1.4626,5629699.2
2025-09-08 23:00:00,1.4626,1.5116,1.4474,1.4505,2711859.6
2025-09-09 00:00:00,1.4506,1.4541,1.3583,1.3827,5984449.0
2025-09-09 01:00:00,1.3834,1.3999,1.3274,1.3701,3815410.8
2025-09-09 02:00:00,1.3702,1.3703,1.2676,1.322,5085899.0
2025-09-09 03:00:00,1.32,1.32,1.2491,1.2587,3562554.4
2025-09-09 04:00:00,1.2587,1.3104,1.2512,1.2597,3673790.3
2025-09-09 05:00:00,1.2603,1.3744,1.224,1.3315,10509281.8
2025-09-09 06:00:00,1.3315,1.3417,1.2787,1.2932,4590366.2
2025-09-09 07:00:00,1.2942,1.3105,1.2651,1.2826,3779162.1
2025-09-09 08:00:00,1.2826,1.3333,1.2685,1.287,4824551.2
2025-09-09 09:00:00,1.287,1.3059,1.2605,1.2684,3114215.2
2025-09-09 10:00:00,1.2687,1.2859,1.237,1.2416,3318487.3
2025-09-09 11:00:00,1.2416,1.2606,1.2258,1.2539,2978112.4
2025-09-09 12:00:00,1.254,1.2541,1.1675,1.1765,6378722.3
2025-09-09 13:00:00,1.1765,1.1893,1.1134,1.1248,6611765.0
2025-09-09 14:00:00,1.1246,1.1891,1.1242,1.1642,5387374.7
2025-09-09 15:00:00,1.1643,1.22,1.1638,1.176,5782323.9
2025-09-09 16:00:00,1.1761,1.1789,1.1358,1.1713,4171286.3
2025-09-09 17:00:00,1.1711,1.18,1.1367,1.1377,1999588.6
2025-09-09 18:00:00,1.1379,1.1556,1.0911,1.1468,4817918.5
2025-09-09 19:00:00,1.1469,1.1969,1.1415,1.1611,5098923.0
2025-09-09 20:00:00,1.1613,1.1805,1.15,1.1562,2821045.6
2025-09-09 21:00:00,1.1558,1.177,1.1438,1.168,2027137.2
2025-09-09 22:00:00,1.1678,1.1777,1.1329,1.146,3244897.5
2025-09-09 23:00:00,1.1464,1.1697,1.1305,1.1487,3058709.7
2025-09-10 00:00:00,1.1485,1.1865,1.1204,1.1729,5736234.3
2025-09-10 01:00:00,1.173,1.1989,1.1485,1.1598,4119117.8
2025-09-10 02:00:00,1.1597,1.2192,1.135,1.1431,6204018.5
2025-09-10 03:00:00,1.143,1.1794,1.1289,1.1656,5670535.5
2025-09-10 04:00:00,1.1654,1.242,1.1647,1.2186,8366250.6
2025-09-10 05:00:00,1.2193,1.279,1.1836,1.191,11536773.7
2025-09-10 06:00:00,1.1915,1.2018,1.1528,1.1868,5078095.9
2025-09-10 07:00:00,1.1868,1.2185,1.1563,1.1663,5010107.6
2025-09-10 08:00:00,1.1661,1.2,1.1538,1.1889,3642598.0
2025-09-10 09:00:00,1.1885,1.2126,1.16,1.1624,3523338.7
2025-09-10 10:00:00,1.162,1.1667,1.1081,1.1105,4424410.7
2025-09-10 11:00:00,1.111,1.1271,1.0958,1.106,3004554.8
2025-09-10 12:00:00,1.106,1.1308,1.0877,1.1026,4008246.9
2025-09-10 13:00:00,1.103,1.1228,1.0863,1.1073,3432738.4
2025-09-10 14:00:00,1.1072,1.1075,1.0654,1.0941,4816917.6
2025-09-10 15:00:00,1.0943,1.1066,1.0217,1.0234,5774456.8
2025-09-10 16:00:00,1.0235,1.044,1.0056,1.0244,6137369.6
2025-09-10 17:00:00,1.0243,1.0317,0.9778,0.9821,5796585.1
2025-09-10 18:00:00,0.9822,1.0225,0.9783,0.9876,4098284.8
2025-09-10 19:00:00,0.9881,1.0055,0.952,0.9663,5033996.2
2025-09-10 20:00:00,0.966,0.9856,0.9452,0.9725,3722434.2
2025-09-10 21:00:00,0.9725,0.988,0.9416,0.9654,2629442.3
2025-09-10 22:00:00,0.9654,0.9907,0.9645,0.9808,2777523.9
2025-09-10 23:00:00,0.981,0.9874,0.9681,0.9684,1639826.1
2025-09-11 00:00:00,0.9684,0.9684,0.9227,0.9284,3786803.3
2025-09-11 01:00:00,0.9287,0.9779,0.9194,0.9593,5742134.8
2025-09-11 02:00:00,0.9594,0.9758,0.9532,0.9545,2718347.9
2025-09-11 03:00:00,0.9543,0.9745,0.9417,0.9672,3270849.1
2025-09-11 04:00:00,0.9672,0.9836,0.9586,0.9722,3681718.1
2025-09-11 05:00:00,0.9721,0.9721,0.9201,0.9514,3777974.6
2025-09-11 06:00:00,0.9513,0.9723,0.9426,0.9549,4838580.1
2025-09-11 07:00:00,0.9549,0.9818,0.9467,0.961,4470142.9
2025-09-11 08:00:00,0.9612,0.9989,0.9368,0.9922,8468677.0
2025-09-11 09:00:00,0.9923,1.0166,0.961,0.961,11037695.2
2025-09-11 10:00:00,0.9616,0.9695,0.932,0.9368,3265457.0
2025-09-11 11:00:00,0.9367,0.9522,0.9209,0.926,3737775.6
2025-09-11 12:00:00,0.9257,0.9562,0.9058,0.9407,9324630.0
2025-09-11 13:00:00,0.9407,0.9558,0.9101,0.925,4728443.0
2025-09-11 14:00:00,0.9251,0.9452,0.8854,0.9334,6888651.4
2025-09-11 15:00:00,0.9342,0.9454,0.9203,0.921,3573078.7
2025-09-11 16:00:00,0.9212,0.945,0.9155,0.9418,2442235.2
2025-09-11 17:00:00,0.941,0.9638,0.9359,0.9562,3391033.8
2025-09-11 18:00:00,0.956,0.9786,0.9462,0.9708,4344152.7
2025-09-11 19:00:00,0.9708,0.9858,0.962,0.9734,2990872.8
2025-09-11 20:00:00,0.9732,0.9748,0.9518,0.9613,2118190.5
2025-09-11 21:00:00,0.9612,0.9982,0.9542,0.9635,2646520.6
2025-09-11 22:00:00,0.9636,0.9711,0.9522,0.955,1693165.3
2025-09-11 23:00:00,0.9547,1.0099,0.9511,0.974,4217507.3
2025-09-12 00:00:00,0.9734,1.0099,0.96,0.9999,5345804.6
2025-09-12 01:00:00,0.9998,1.0477,0.9725,1.0351,8198069.7
2025-09-12 02:00:00,1.0347,1.0579,1.0,1.0494,5553907.7
2025-09-12 03:00:00,1.0492,1.0702,1.0076,1.0267,7944699.8
2025-09-12 04:00:00,1.0272,1.0571,0.9819,0.9965,6826825.3
2025-09-12 05:00:00,0.9958,1.0187,0.9629,0.9752,5770552.9
2025-09-12 06:00:00,0.9757,0.9861,0.9418,0.9636,7687958.6
2025-09-12 07:00:00,0.9636,0.9739,0.9554,0.9659,2454765.0
2025-09-12 08:00:00,0.9658,0.968,0.9412,0.9484,2326986.3
2025-09-12 09:00:00,0.9483,0.9495,0.9259,0.9337,2228598.7
2025-09-12 10:00:00,0.9332,0.965,0.9227,0.9627,3826549.4
2025-09-12 11:00:00,0.9624,0.9666,0.9465,0.9535,2403836.0
2025-09-12 12:00:00,0.9535,0.9669,0.9442,0.9453,1729619.5
2025-09-12 13:00:00,0.9454,0.9918,0.9369,0.9731,3583649.6
2025-09-12 14:00:00,0.973,0.9864,0.9646,0.9731,3602641.0
2025-09-12 15:00:00,0.973,0.9784,0.9566,0.9698,1392022.5
2025-09-12 16:00:00,0.9696,0.9955,0.96,0.9649,3055904.2
2025-09-12 17:00:00,0.965,0.9696,0.9464,0.9565,2395311.8
2025-09-12 18:00:00,0.9566,0.9861,0.9516,0.9733,2607811.3
2025-09-12 19:00:00,0.9735,0.9982,0.9717,0.9842,2562988.0
2025-09-12 20:00:00,0.9839,0.9948,0.9673,0.9754,2079116.1
2025-09-12 21:00:00,0.9753,0.9959,0.9601,0.9926,2407046.8
2025-09-12 22:00:00,0.9928,1.0094,0.9829,0.9877,2201646.6
2025-09-12 23:00:00,0.9881,1.0099,0.974,0.9807,3292373.3
2025-09-13 00:00:00,0.9808,1.012,0.9694,0.9903,3807320.6
2025-09-13 01:00:00,0.9904,0.9904,0.9663,0.9886,1984159.2
2025-09-13 02:00:00,0.9887,1.0324,0.9877,1.019,4609964.4
2025-09-13 03:00:00,1.0187,1.0313,0.9872,0.993,2367829.9
2025-09-13 04:00:00,0.9934,1.0182,0.9618,0.9705,4499632.8
2025-09-13 05:00:00,0.9705,1.0365,0.9638,1.0165,6113153.1
2025-09-13 06:00:00,1.0166,1.0469,1.0076,1.0316,3499261.2
2025-09-13 07:00:00,1.0311,1.0644,1.0273,1.0392,4788352.9
2025-09-13 08:00:00,1.0388,1.0553,1.0226,1.0302,2724092.7
2025-09-13 09:00:00,1.0303,1.043,1.0211,1.0274,2983216.1
2025-09-13 10:00:00,1.0272,1.0491,1.0078,1.0448,4876077.1
2025-09-13 11:00:00,1.0456,1.37,1.0412,1.2682,27554967.7
2025-09-13 12:00:00,1.2686,1.3537,1.2209,1.334,22037024.4
2025-09-13 13:00:00,1.334,1.3356,1.2513,1.3078,14957192.6
2025-09-13 14:00:00,1.3081,1.55,1.3066,1.5108,29726168.8
2025-09-13 15:00:00,1.5108,1.5265,1.3603,1.4011,19841692.9
2025-09-13 16:00:00,1.4017,1.4552,1.3735,1.4241,13993364.4
2025-09-13 17:00:00,1.4244,1.4692,1.3745,1.4473,12675304.5
2025-09-13 18:00:00,1.4472,1.4734,1.4048,1.4139,9347368.9
2025-09-13 19:00:00,1.4132,1.4685,1.3815,1.4657,8051947.4
2025-09-13 20:00:00,1.466,1.4998,1.4509,1.455,9157857.3
2025-09-13 21:00:00,1.455,1.4595,1.4037,1.4084,6466491.8
2025-09-13 22:00:00,1.4085,1.4287,1.368,1.3788,5131252.9
2025-09-13 23:00:00,1.379,1.3902,1.351,1.365,3995642.4
2025-09-14 00:00:00,1.3651,1.3775,1.3165,1.3197,4756158.2
2025-09-14 01:00:00,1.3203,1.325,1.2697,1.2947,5793004.9
2025-09-14 02:00:00,1.2945,1.3074,1.2577,1.2671,2794583.4
2025-09-14 03:00:00,1.2669,1.283,1.2045,1.2061,5305557.1
2025-09-14 04:00:00,1.2067,1.2553,1.201,1.2457,4367394.7
2025-09-14 05:00:00,1.2457,1.2522,1.2241,1.2373,3255597.3
2025-09-14 06:00:00,1.2369,1.2743,1.2319,1.2576,4876241.4
2025-09-14 07:00:00,1.2576,1.2842,1.2529,1.2691,4924477.5
2025-09-14 08:00:00,1.2686,1.4544,1.2668,1.434,18065976.3
2025-09-14 09:00:00,1.4346,1.4366,1.3668,1.3938,11937715.8
2025-09-14 10:00:00,1.3934,1.4292,1.3776,1.3799,7669556.2
2025-09-14 11:00:00,1.3794,1.3903,1.2575,1.3182,9026652.2
2025-09-14 12:00:00,1.319,1.3789,1.3185,1.3627,7345855.3
2025-09-14 13:00:00,1.3627,1.4,1.3523,1.3591,7563316.5
2025-09-14 14:00:00,1.3592,1.3714,1.3235,1.3345,5478441.5
2025-09-14 15:00:00,1.3347,1.3473,1.3164,1.3311,4803345.5
2025-09-14 16:00:00,1.3312,1.3665,1.28,1.2967,7717833.4
2025-09-14 17:00:00,1.297,1.3326,1.2766,1.3091,7468293.1
2025-09-14 18:00:00,1.3091,1.3244,1.2914,1.3153,7351052.3
2025-09-14 19:00:00,1.3154,1.3378,1.2766,1.285,7444706.4
2025-09-14 20:00:00,1.2854,1.2982,1.246,1.2516,4924192.8
2025-09-14 21:00:00,1.2516,1.2966,1.2405,1.2789,4458307.9
2025-09-14 22:00:00,1.2789,1.2879,1.2573,1.283,3237495.9
2025-09-14 23:00:00,1.2837,1.2872,1.2317,1.2399,3357867.5
2025-09-15 00:00:00,1.24,1.2685,1.219,1.2465,3610456.9
2025-09-15 01:00:00,1.2471,1.2659,1.2257,1.2616,2641986.7
2025-09-15 02:00:00,1.2614,1.2925,1.2535,1.2852,4513865.7
2025-09-15 03:00:00,1.2847,1.3065,1.2721,1.3052,4486596.7
2025-09-15 04:00:00,1.3055,1.33,1.2831,1.2968,5392191.0
2025-09-15 05:00:00,1.2964,1.3396,1.2872,1.3183,6595237.3
2025-09-15 06:00:00,1.3187,1.3231,1.2698,1.298,7708611.1
2025-09-15 07:00:00,1.298,1.3035,1.24,1.2517,7791285.6
2025-09-15 08:00:00,1.2511,1.2662,1.22,1.2388,11237217.5
2025-09-15 09:00:00,1.2382,1.2461,1.162,1.1909,15652538.5
2025-09-15 10:00:00,1.1913,1.1975,1.1622,1.1735,13382858.2
2025-09-15 11:00:00,1.1734,1.211,1.1609,1.2037,19936354.3
2025-09-15 12:00:00,1.2044,1.2437,1.1967,1.2292,21521532.7
2025-09-15 13:00:00,1.2291,1.2494,1.2111,1.2322,19404708.0
2025-09-15 14:00:00,1.2321,1.233,1.1822,1.1877,16803386.6
2025-09-15 15:00:00,1.1875,1.205,1.1751,1.1898,17785598.2
2025-09-15 16:00:00,1.1899,1.194,1.1309,1.14,24294004.5
2025-09-15 17:00:00,1.14,1.1637,1.134,1.1604,18815243.6
2025-09-15 18:00:00,1.1604,1.1786,1.1541,1.1725,17119110.7
2025-09-15 19:00:00,1.1726,1.1944,1.155,1.1851,14282030.7
2025-09-15 20:00:00,1.1857,1.1946,1.1626,1.1657,12983959.8
2025-09-15 21:00:00,1.1657,1.1681,1.1522,1.1555,7962939.5
2025-09-15 22:00:00,1.1554,1.1682,1.1341,1.1451,9485758.3
2025-09-15 23:00:00,1.1449,1.1555,1.1251,1.1407,9760547.1
2025-09-16 00:00:00,1.1408,1.1828,1.1392,1.1714,10421852.7
2025-09-16 01:00:00,1.1713,1.1972,1.1635,1.1646,10872695.6
2025-09-16 02:00:00,1.1646,1.1853,1.1521,1.1559,16155873.8
2025-09-16 03:00:00,1.1557,1.1893,1.13,1.1843,24333433.9
2025-09-16 04:00:00,1.1842,1.1977,1.1692,1.1883,27424770.1
2025-09-16 05:00:00,1.1884,1.2165,1.1691,1.1798,32744029.3
2025-09-16 06:00:00,1.18,1.2164,1.1727,1.1804,53172785.6
2025-09-16 07:00:00,1.1805,1.23,1.1656,1.2138,74279270.3
2025-09-16 08:00:00,1.2137,1.2713,1.2107,1.2508,78849101.9
2025-09-16 09:00:00,1.2505,1.2681,1.181,1.1885,83548893.7
2025-09-16 10:00:00,1.1886,1.3423,1.1708,1.3229,86050341.0
2025-09-16 11:00:00,1.3226,1.3499,1.2824,1.3246,92314089.9
2025-09-16 12:00:00,1.3247,1.4392,1.3143,1.4302,114583694.0
2025-09-16 13:00:00,1.4303,1.4552,1.3466,1.4042,56237803.4
2025-09-16 14:00:00,1.4043,1.5537,1.3782,1.5378,18478598.3
2025-09-16 15:00:00,1.5374,1.5675,1.3584,1.4018,20711456.0
2025-09-16 16:00:00,1.4019,1.4113,1.3636,1.3786,10422443.5
2025-09-16 17:00:00,1.3786,1.4458,1.3772,1.39,11981145.4
2025-09-16 18:00:00,1.39,1.4145,1.3268,1.3523,6874011.8
2025-09-16 19:00:00,1.3521,1.3687,1.3323,1.3449,4076744.7
2025-09-16 20:00:00,1.3447,1.3633,1.3316,1.3514,2719644.0
2025-09-16 21:00:00,1.3517,1.3958,1.3443,1.3872,4669742.9
2025-09-16 22:00:00,1.3871,1.3907,1.3198,1.3244,4037739.4
2025-09-16 23:00:00,1.3242,1.3352,1.3012,1.3046,3396584.4
2025-09-17 00:00:00,1.3045,1.3204,1.2843,1.288,2925959.6
2025-09-17 01:00:00,1.2881,1.2911,1.2342,1.241,4354833.2
2025-09-17 02:00:00,1.241,1.2552,1.2159,1.2283,4555107.1
2025-09-17 03:00:00,1.2282,1.2563,1.22,1.2515,3671165.3
2025-09-17 04:00:00,1.2515,1.276,1.2351,1.274,3249222.9
2025-09-17 05:00:00,1.2741,1.2835,1.2557,1.2717,3347370.9
2025-09-17 06:00:00,1.2718,1.3521,1.2706,1.3338,8070568.3
2025-09-17 07:00:00,1.3337,1.3506,1.3103,1.3266,5517043.3
2025-09-17 08:00:00,1.3266,1.3331,1.2943,1.2975,4654668.5
2025-09-17 09:00:00,1.2972,1.3086,1.23,1.2318,8190339.0
2025-09-17 10:00:00,1.232,1.2435,1.1946,1.2118,5237883.5
2025-09-17 11:00:00,1.2117,1.2711,1.2073,1.2573,4550761.6
2025-09-17 12:00:00,1.2574,1.2784,1.247,1.2527,3776734.8
2025-09-17 13:00:00,1.2527,1.259,1.2354,1.2372,2283684.6
2025-09-17 14:00:00,1.2373,1.2697,1.2272,1.2474,3028952.6
2025-09-17 15:00:00,1.2475,1.2624,1.2331,1.2402,2132743.2
2025-09-17 16:00:00,1.2403,1.2647,1.2337,1.2559,1978264.1
2025-09-17 17:00:00,1.256,1.2809,1.237,1.2494,3957086.3
2025-09-17 18:00:00,1.2493,1.2921,1.2411,1.2674,5560651.8
2025-09-17 19:00:00,1.2673,1.295,1.2459,1.2513,3121820.5
2025-09-17 20:00:00,1.2506,1.2636,1.2361,1.2418,2197092.0
2025-09-17 21:00:00,1.2418,1.298,1.2208,1.2752,3774188.5
2025-09-17 22:00:00,1.2753,1.295,1.2716,1.2851,3405611.4
2025-09-17 23:00:00,1.2848,1.2917,1.2516,1.2588,4205725.9
2025-09-18 00:00:00,1.2588,1.2646,1.2375,1.2485,2950126.9
2025-09-18 01:00:00,1.2482,1.2747,1.2353,1.2568,2269457.1
2025-09-18 02:00:00,1.2561,1.289,1.2512,1.2808,2258231.3
2025-09-18 03:00:00,1.2812,1.2932,1.2701,1.291,2587474.8
2025-09-18 04:00:00,1.2912,1.3174,1.2819,1.3118,3322668.3
2025-09-18 05:00:00,1.3116,1.3266,1.2911,1.3011,2904222.3
2025-09-18 06:00:00,1.3007,1.302,1.2613,1.2767,3616304.0
2025-09-18 07:00:00,1.276,1.292,1.2665,1.2782,1789084.9
2025-09-18 08:00:00,1.278,1.2846,1.2618,1.2734,1427290.1
2025-09-18 09:00:00,1.2734,1.3,1.266,1.288,2071852.4
2025-09-18 10:00:00,1.2878,1.2992,1.2651,1.2692,2068016.1
2025-09-18 11:00:00,1.2688,1.2745,1.246,1.2582,1898123.4
2025-09-18 12:00:00,1.2585,1.3028,1.2585,1.287,3020845.4
2025-09-18 13:00:00,1.2876,1.2931,1.2602,1.2683,2411757.2
2025-09-18 14:00:00,1.2681,1.2738,1.2254,1.245,3748081.5
2025-09-18 15:00:00,1.245,1.255,1.2324,1.2448,1998690.2
2025-09-18 16:00:00,1.245,1.2687,1.2419,1.2482,2281522.1
2025-09-18 17:00:00,1.2483,1.2571,1.2333,1.2519,2138610.7
2025-09-18 18:00:00,1.252,1.2543,1.2399,1.25,981760.6
2025-09-18 19:00:00,1.2504,1.2637,1.2262,1.2474,1639107.9
2025-09-18 20:00:00,1.248,1.2696,1.2388,1.2666,1405247.3
2025-09-18 21:00:00,1.266,1.272,1.2541,1.2594,1087510.4
2025-09-18 22:00:00,1.2595,1.2893,1.2485,1.265,2850119.9
2025-09-18 23:00:00,1.265,1.2856,1.2556,1.2796,1128397.9
2025-09-19 00:00:00,1.2797,1.2979,1.2701,1.2835,2217370.1
2025-09-19 01:00:00,1.2835,1.295,1.2718,1.2912,1202956.1
2025-09-19 02:00:00,1.2912,1.3056,1.2727,1.2772,2686498.9
2025-09-19 03:00:00,1.2773,1.297,1.2447,1.2516,2841917.2
2025-09-19 04:00:00,1.2515,1.2538,1.2355,1.2415,1794044.6
2025-09-19 05:00:00,1.2415,1.2511,1.2166,1.2453,2661151.0
2025-09-19 06:00:00,1.2452,1.2603,1.2292,1.2304,2067428.1
2025-09-19 07:00:00,1.2302,1.2486,1.2275,1.2352,1159578.7
2025-09-19 08:00:00,1.235,1.2567,1.2324,1.2425,1244842.9
2025-09-19 09:00:00,1.2425,1.2538,1.2292,1.2336,1473089.3
2025-09-19 10:00:00,1.2337,1.2419,1.2322,1.2339,689333.4
2025-09-19 11:00:00,1.2339,1.2372,1.2201,1.2306,1575572.9
2025-09-19 12:00:00,1.2306,1.2687,1.2306,1.2546,2835025.3
2025-09-19 13:00:00,1.2547,1.2723,1.2514,1.2542,2236084.9
2025-09-19 14:00:00,1.2542,1.2636,1.2279,1.2363,2051536.0
2025-09-19 15:00:00,1.2363,1.2507,1.2026,1.2398,2871555.4
2025-09-19 16:00:00,1.2398,1.2525,1.2249,1.2498,1561854.3
2025-09-19 17:00:00,1.25,1.2585,1.2336,1.2356,1451349.8
2025-09-19 18:00:00,1.2356,1.2459,1.2291,1.2381,579134.1
2025-09-19 19:00:00,1.2383,1.2563,1.2383,1.2494,1055430.8
2025-09-19 20:00:00,1.2493,1.2569,1.233,1.2407,930342.5
2025-09-19 21:00:00,1.2406,1.2519,1.2364,1.2445,463424.5
2025-09-19 22:00:00,1.2446,1.2688,1.2427,1.2558,1099046.9
2025-09-19 23:00:00,1.2557,1.2623,1.2316,1.2399,1156074.6
2025-09-20 00:00:00,1.2399,1.2523,1.2338,1.2505,766939.1
2025-09-20 01:00:00,1.2504,1.2733,1.237,1.2399,2013628.9
2025-09-20 02:00:00,1.2401,1.2608,1.2216,1.2462,1822670.5
2025-09-20 03:00:00,1.2462,1.2503,1.2307,1.2408,835562.8
2025-09-20 04:00:00,1.2409,1.2443,1.2263,1.2325,1040590.1
2025-09-20 05:00:00,1.2325,1.2675,1.228,1.2614,1537521.3
2025-09-20 06:00:00,1.2614,1.267,1.2477,1.2567,1718544.4
2025-09-20 07:00:00,1.2567,1.2654,1.2333,1.2433,1609969.6
2025-09-20 08:00:00,1.2434,1.2545,1.2306,1.2473,1548313.8
2025-09-20 09:00:00,1.2472,1.2665,1.2353,1.2402,2089385.1
2025-09-20 10:00:00,1.2402,1.2506,1.2355,1.241,927566.4
2025-09-20 11:00:00,1.241,1.2596,1.228,1.2392,1949367.5
2025-09-20 12:00:00,1.2392,1.2453,1.2321,1.2351,1116564.7
2025-09-20 13:00:00,1.235,1.2415,1.232,1.2358,1073964.8
2025-09-20 14:00:00,1.2359,1.2393,1.2252,1.2367,1384066.6
2025-09-20 15:00:00,1.2367,1.2534,1.2347,1.2424,1842690.7
2025-09-20 16:00:00,1.2425,1.2514,1.2315,1.2332,1355658.9
2025-09-20 17:00:00,1.2332,1.2399,1.2259,1.2294,1296973.0
2025-09-20 18:00:00,1.2296,1.2337,1.2187,1.2241,2107242.0
2025-09-20 19:00:00,1.224,1.2256,1.1687,1.1936,2938649.6
2025-09-20 20:00:00,1.1935,1.2137,1.1877,1.2065,1739886.7
2025-09-20 21:00:00,1.2065,1.2124,1.2015,1.2076,732000.1
2025-09-20 22:00:00,1.2077,1.2149,1.1816,1.189,1730153.9
2025-09-20 23:00:00,1.1891,1.1944,1.1701,1.1778,1317957.2
2025-09-21 00:00:00,1.1778,1.1963,1.1742,1.1926,1136680.4
2025-09-21 01:00:00,1.1928,1.2009,1.174,1.1795,1731484.7
2025-09-21 02:00:00,1.1795,1.1823,1.1527,1.1667,2158898.0
2025-09-21 03:00:00,1.1668,1.175,1.1502,1.155,1933103.3
2025-09-21 04:00:00,1.1555,1.2,1.1421,1.1933,3088623.2
2025-09-21 05:00:00,1.1932,1.2214,1.1791,1.1902,5218784.0
2025-09-21 06:00:00,1.1901,1.2016,1.1789,1.1913,1924060.7
2025-09-21 07:00:00,1.1914,1.2116,1.1889,1.1985,1623478.8
2025-09-21 08:00:00,1.1986,1.2097,1.1905,1.2065,1366047.3
2025-09-21 09:00:00,1.2064,1.2084,1.1752,1.1985,2406964.3
2025-09-21 10:00:00,1.1984,1.2145,1.1936,1.1995,2078568.8
2025-09-21 11:00:00,1.1995,1.2061,1.1803,1.1847,1121180.3
2025-09-21 12:00:00,1.1847,1.1954,1.1644,1.1712,1326680.4
2025-09-21 13:00:00,1.1714,1.1854,1.1686,1.1767,1016415.4
2025-09-21 14:00:00,1.1766,1.1816,1.1667,1.1706,1089079.0
2025-09-21 15:00:00,1.1707,1.1862,1.1615,1.1695,1147959.1
2025-09-21 16:00:00,1.1695,1.1729,1.1441,1.158,1596378.5
2025-09-21 17:00:00,1.158,1.158,1.1283,1.1442,1955539.1
2025-09-21 18:00:00,1.1442,1.1532,1.1321,1.1509,814193.6
2025-09-21 19:00:00,1.151,1.1529,1.1385,1.142,552062.9
2025-09-21 20:00:00,1.142,1.1473,1.1302,1.136,585987.7
2025-09-21 21:00:00,1.1361,1.146,1.134,1.1442,488318.0
2025-09-21 22:00:00,1.1441,1.1717,1.1409,1.1618,2057193.1
2025-09-21 23:00:00,1.1617,1.1619,1.1364,1.1471,814083.9
2025-09-22 00:00:00,1.1472,1.1737,1.1291,1.1524,3138229.9
2025-09-22 01:00:00,1.1523,1.1586,1.009,1.0347,7464121.1
2025-09-22 02:00:00,1.0348,1.0519,1.0275,1.0412,4554138.2
2025-09-22 03:00:00,1.0411,1.0415,1.0254,1.0315,1330314.1
2025-09-22 04:00:00,1.0316,1.0386,0.9776,0.9986,6380559.2
2025-09-22 05:00:00,0.9985,0.9985,0.9777,0.9791,2322841.3
2025-09-22 06:00:00,0.979,0.9792,0.867,0.9606,7521527.4
2025-09-22 07:00:00,0.9606,0.9836,0.958,0.9635,3140813.3
2025-09-22 08:00:00,0.9635,0.9807,0.9635,0.9754,2023141.4
2025-09-22 09:00:00,0.9752,0.9861,0.9661,0.9699,1571219.3
2025-09-22 10:00:00,0.9699,0.9766,0.959,0.968,1750020.7
2025-09-22 11:00:00,0.968,0.978,0.9573,0.9718,1735724.5
2025-09-22 12:00:00,0.9719,0.9898,0.9719,0.9747,2198755.3
2025-09-22 13:00:00,0.9746,0.9854,0.9637,0.9851,1350830.1
2025-09-22 14:00:00,0.9848,0.9885,0.9665,0.9685,1385945.9
2025-09-22 15:00:00,0.9684,0.9731,0.9482,0.9572,1475368.6
2025-09-22 16:00:00,0.957,0.957,0.9148,0.9419,2871526.4
2025-09-22 17:00:00,0.942,0.9504,0.931,0.9457,1825999.2
2025-09-22 18:00:00,0.9455,0.9591,0.9426,0.9554,1208809.3
2025-09-22 19:00:00,0.9553,0.9584,0.9414,0.9474,1248745.9
2025-09-22 20:00:00,0.9474,0.9478,0.934,0.9345,840799.9
2025-09-22 21:00:00,0.9345,0.9575,0.9318,0.9541,742122.4
2025-09-22 22:00:00,0.954,0.9558,0.9355,0.9421,756837.0
2025-09-22 23:00:00,0.9424,0.9434,0.932,0.9358,377086.3
2025-09-23 00:00:00,0.9358,0.945,0.9274,0.9318,1189141.8
2025-09-23 01:00:00,0.932,0.9346,0.9154,0.917,781778.1
2025-09-23 02:00:00,0.917,0.9206,0.8897,0.8916,1233085.5
2025-09-23 03:00:00,0.8917,0.931,0.8838,0.9238,2131287.8
2025-09-23 04:00:00,0.9237,0.9253,0.8987,0.9059,1982841.2
2025-09-23 05:00:00,0.9058,0.9122,0.8997,0.9074,1264163.2
2025-09-23 06:00:00,0.9075,1.0017,0.9067,0.9993,5378142.5
2025-09-23 07:00:00,0.9994,1.074,0.9933,1.0452,12502459.8
2025-09-23 08:00:00,1.0452,1.0494,0.9845,1.0295,7051046.5
2025-09-23 09:00:00,1.0295,1.0317,1.0011,1.0148,3703627.5
2025-09-23 10:00:00,1.0149,1.022,1.0019,1.0097,2268513.1
2025-09-23 11:00:00,1.0096,1.0278,0.9838,1.0227,3547438.6
2025-09-23 12:00:00,1.0226,1.0228,0.9865,0.9885,3289982.6
2025-09-23 13:00:00,0.9884,0.9893,0.9618,0.9749,3595625.3
2025-09-23 14:00:00,0.975,0.9764,0.9421,0.9529,2654754.1
2025-09-23 15:00:00,0.9529,0.9733,0.9479,0.9687,1544532.9
2025-09-23 16:00:00,0.9687,0.9758,0.956,0.9734,1310664.0
2025-09-23 17:00:00,0.9736,0.9744,0.9439,0.9444,1308032.6
2025-09-23 18:00:00,0.9441,0.954,0.9346,0.944,1151439.3
2025-09-23 19:00:00,0.9439,0.96,0.9368,0.941,843676.8
2025-09-23 20:00:00,0.941,0.9472,0.926,0.9332,736206.1
2025-09-23 21:00:00,0.933,0.9482,0.9278,0.947,459384.0
2025-09-23 22:00:00,0.9473,0.9524,0.9349,0.9484,637635.4
2025-09-23 23:00:00,0.9487,0.9594,0.9423,0.9519,1057041.0
2025-09-24 00:00:00,0.9519,0.9634,0.9472,0.9514,964253.7
2025-09-24 01:00:00,0.9515,0.9612,0.9463,0.9578,694334.6
2025-09-24 02:00:00,0.9578,0.962,0.9371,0.9413,858977.6
2025-09-24 03:00:00,0.9414,0.9423,0.9233,0.9248,1063041.3
2025-09-24 04:00:00,0.9248,0.939,0.9122,0.9271,1855028.3
2025-09-24 05:00:00,0.9272,0.9398,0.9249,0.9383,601312.2
2025-09-24 06:00:00,0.9383,0.9409,0.9266,0.9313,501060.9
2025-09-24 07:00:00,0.9311,0.94,0.921,0.9394,1110885.2
2025-09-24 08:00:00,0.9395,0.9404,0.9231,0.9263,960106.8
2025-09-24 09:00:00,0.9264,0.9318,0.9186,0.9314,848916.1
2025-09-24 10:00:00,0.931,0.9353,0.9162,0.9267,781031.9
2025-09-24 11:00:00,0.9268,0.934,0.9188,0.9265,712045.3
2025-09-24 12:00:00,0.9264,0.9295,0.914,0.9164,903769.7
2025-09-24 13:00:00,0.9164,0.9196,0.9052,0.9055,1055268.4
2025-09-24 14:00:00,0.9057,0.9427,0.9043,0.9352,1806481.7
2025-09-24 15:00:00,0.9352,0.9429,0.9076,0.9086,1321117.7
2025-09-24 16:00:00,0.9088,0.9166,0.9069,0.91,709753.3
2025-09-24 17:00:00,0.9102,0.9195,0.906,0.9111,925731.8
2025-09-24 18:00:00,0.9113,0.9131,0.9052,0.9092,410146.9
2025-09-24 19:00:00,0.9092,0.9203,0.9089,0.912,554890.6
2025-09-24 20:00:00,0.9121,0.916,0.9031,0.9096,464784.5
2025-09-24 21:00:00,0.9094,0.9153,0.9073,0.9099,358718.1
2025-09-24 22:00:00,0.9098,0.9163,0.9036,0.9077,696982.2
2025-09-24 23:00:00,0.9078,0.9196,0.9044,0.9087,1167012.4
2025-09-25 00:00:00,0.9088,0.9141,0.8732,0.8791,2886212.6
2025-09-25 01:00:00,0.879,0.8827,0.8668,0.8704,1915302.6
2025-09-25 02:00:00,0.8705,0.8845,0.8636,0.8773,1596165.9
2025-09-25 03:00:00,0.8774,0.8796,0.855,0.8601,1572388.8
2025-09-25 04:00:00,0.86,0.8651,0.8433,0.8553,2328367.5
2025-09-25 05:00:00,0.8551,0.8721,0.8538,0.8646,1151026.8
2025-09-25 06:00:00,0.8645,0.8706,0.8435,0.845,1522409.7
2025-09-25 07:00:00,0.8451,0.8798,0.8451,0.8681,1788090.5
2025-09-25 08:00:00,0.8681,0.9051,0.8677,0.8984,2509158.9
2025-09-25 09:00:00,0.8984,0.9184,0.893,0.904,2214462.8
2025-09-25 10:00:00,0.904,0.9495,0.8956,0.9301,4839405.0
2025-09-25 11:00:00,0.9302,0.9435,0.9055,0.9095,3700885.3
2025-09-25 12:00:00,0.9095,0.9173,0.8838,0.8983,3236537.2
2025-09-25 13:00:00,0.8983,0.9094,0.8767,0.8836,2972130.7
2025-09-25 14:00:00,0.8836,0.8939,0.8544,0.8591,3083849.8
2025-09-25 15:00:00,0.8589,0.8655,0.8487,0.8634,1720719.2
2025-09-25 16:00:00,0.8635,0.8716,0.8564,0.8576,1648716.7
2025-09-25 17:00:00,0.8575,0.8612,0.8466,0.8489,2021477.9
2025-09-25 18:00:00,0.8489,0.8529,0.8248,0.8432,2661459.2
2025-09-25 19:00:00,0.8432,0.8532,0.8377,0.8422,1117903.6
2025-09-25 20:00:00,0.8424,0.8449,0.8232,0.8277,1360113.6
2025-09-25 21:00:00,0.8278,0.8525,0.8266,0.8465,1468493.6
2025-09-25 22:00:00,0.8465,0.849,0.83,0.834,1035168.0
2025-09-25 23:00:00,0.8339,0.8447,0.8255,0.8388,1127636.8
2025-09-26 00:00:00,0.8389,0.8511,0.8313,0.8472,1197425.2
2025-09-26 01:00:00,0.8473,0.8487,0.834,0.8361,1076979.5
2025-09-26 02:00:00,0.836,0.8471,0.8322,0.8397,535717.9
2025-09-26 03:00:00,0.8397,0.8454,0.8327,0.8451,631874.0
2025-09-26 04:00:00,0.845,0.871,0.8398,0.858,2181169.1
2025-09-26 05:00:00,0.8581,0.8645,0.8398,0.8407,1159078.9
2025-09-26 06:00:00,0.8407,0.8446,0.8314,0.8368,1098925.5
2025-09-26 07:00:00,0.8367,0.8491,0.8351,0.843,994431.6
2025-09-26 08:00:00,0.8431,0.8552,0.8409,0.8538,955052.3
2025-09-26 09:00:00,0.8539,0.8583,0.838,0.8459,724854.6
2025-09-26 10:00:00,0.8459,0.8488,0.8389,0.8439,674964.8
2025-09-26 11:00:00,0.8439,0.8534,0.8348,0.8349,991039.6
2025-09-26 12:00:00,0.8348,0.854,0.8115,0.8393,3579571.0
2025-09-26 13:00:00,0.8392,0.8493,0.8258,0.845,1852756.4
2025-09-26 14:00:00,0.845,0.8486,0.8282,0.8365,1409515.9
2025-09-26 15:00:00,0.8365,0.8539,0.8359,0.8524,1051599.3
2025-09-26 16:00:00,0.8527,0.8692,0.8513,0.867,867665.5
2025-09-26 17:00:00,0.8669,0.8937,0.8668,0.8753,2282944.8
2025-09-26 18:00:00,0.8753,0.8814,0.8633,0.8675,1483570.2
2025-09-26 19:00:00,0.8674,0.8694,0.857,0.8644,771860.6
2025-09-26 20:00:00,0.8643,0.8695,0.8537,0.8575,457557.9
2025-09-26 21:00:00,0.8575,0.8653,0.8553,0.8653,453678.4
2025-09-26 22:00:00,0.8652,0.8717,0.8596,0.8611,603902.5
2025-09-26 23:00:00,0.8611,0.8721,0.8592,0.8692,489804.3
2025-09-27 00:00:00,0.8692,0.8783,0.8622,0.878,509960.6
2025-09-27 01:00:00,0.8781,0.8905,0.8683,0.8704,907953.1
2025-09-27 02:00:00,0.8705,0.8928,0.8676,0.8847,595829.4
2025-09-27 03:00:00,0.8847,0.898,0.8805,0.8811,1443079.8
2025-09-27 04:00:00,0.881,0.8875,0.8725,0.8752,722552.8
2025-09-27 05:00:00,0.8752,0.8774,0.868,0.8763,541386.9
2025-09-27 06:00:00,0.8761,0.8865,0.8671,0.8707,577909.7
2025-09-27 07:00:00,0.8708,0.8727,0.8592,0.8614,619892.2
2025-09-27 08:00:00,0.8614,0.8614,0.84,0.8403,1109323.4
2025-09-27 09:00:00,0.8402,0.858,0.8282,0.8574,1816220.0
2025-09-27 10:00:00,0.8575,0.8606,0.8411,0.846,1006029.5
2025-09-27 11:00:00,0.8461,0.8486,0.8391,0.8436,540673.8
2025-09-27 12:00:00,0.8436,0.8465,0.837,0.8426,692284.7
2025-09-27 13:00:00,0.8429,0.843,0.8369,0.8382,287537.0
2025-09-27 14:00:00,0.8381,0.8402,0.8268,0.8311,910093.5
2025-09-27 15:00:00,0.8312,0.8392,0.817,0.8291,1976669.8
2025-09-27 16:00:00,0.8291,0.83,0.8153,0.8184,632245.1
2025-09-27 17:00:00,0.8185,0.8185,0.8023,0.808,1781563.4
2025-09-27 18:00:00,0.8079,0.8109,0.8019,0.8055,459729.5
2025-09-27 19:00:00,0.8056,0.8076,0.7951,0.7981,796329.3
2025-09-27 20:00:00,0.7982,0.803,0.7885,0.7919,641045.8
2025-09-27 21:00:00,0.7918,0.8062,0.7903,0.8034,558558.8
2025-09-27 22:00:00,0.8034,0.8143,0.8007,0.8015,480231.9
2025-09-27 23:00:00,0.8015,0.8082,0.793,0.8051,459162.2
2025-09-28 00:00:00,0.8051,0.8071,0.7944,0.8008,810915.2
2025-09-28 01:00:00,0.8008,0.8042,0.7927,0.8006,447696.8
2025-09-28 02:00:00,0.8006,0.8028,0.7939,0.7963,326087.3
2025-09-28 03:00:00,0.7963,0.7999,0.7793,0.7815,706660.2
2025-09-28 04:00:00,0.7814,0.7877,0.7651,0.7809,1837025.2
2025-09-28 05:00:00,0.7809,0.7876,0.7728,0.7846,841748.4
2025-09-28 06:00:00,0.7846,0.7859,0.7747,0.7793,617358.6
2025-09-28 07:00:00,0.7794,0.7806,0.7555,0.7567,1336121.3
2025-09-28 08:00:00,0.7566,0.7661,0.7506,0.7581,1345758.0
2025-09-28 09:00:00,0.7581,0.7588,0.7431,0.7448,766652.0
2025-09-28 10:00:00,0.7447,0.757,0.7386,0.7528,1325018.2
2025-09-28 11:00:00,0.7528,0.7555,0.7405,0.752,1357738.4
2025-09-28 12:00:00,0.752,0.7612,0.7457,0.7606,1718472.3
2025-09-28 13:00:00,0.7607,0.776,0.7607,0.7735,1395573.1
2025-09-28 14:00:00,0.7734,0.7744,0.7658,0.7732,586004.8
2025-09-28 15:00:00,0.7732,0.776,0.7644,0.7709,970102.5
2025-09-28 16:00:00,0.7709,0.789,0.7708,0.7791,1387310.9
2025-09-28 17:00:00,0.7791,0.7871,0.7747,0.7767,502452.7
2025-09-28 18:00:00,0.7767,0.7821,0.7754,0.78,248076.6
2025-09-28 19:00:00,0.7801,0.7838,0.7733,0.7742,450029.2
